judet	an	servicii_publice_generale	aparare	invatamant	sanatate	cultura	asigurari_sociale	dezvoltare_locuinte_mediu	mediu	energie	transporturi	altele
Alba	2007	77399407	7349336	203063362	1860764	32529040	96450608	89230383		1203359	73339769	2515034
	2008	106569712	9897141	233977934	2384817	49399518	120316303	115187049	0	758836	72797067	4423978
	2009	101845989	13241172	236754997	2917140	49397198	129112225	106492607	0	190596	83008290	3657396
	2010	86739557	4982199	191118780	6487569	59873471	141240888	84735179	0	190617	104475984	4798550
	2011	88482497	7106259	174767378	8108042	93549978	117396533	80829176	20930956	145333	131279288	3867299
	2012	99602358	8766496	187690270	17697782	95692237	116479130	85070266	26911803	94322	163127895	10665209
	2013	97175438	11220039	206874257	13792866	64992572	120818115	78681762	30710724	0	176997136	6127598
	2014	101423968	8682781	228158230	15849255	69966847	120701405	72395550	28221551	0	153324064	8133341
Arad	2007	110720890	2568183	199932228	2999735	45377094	106191699	69655518		42214936	112649895	1212203
	2008	131334552	6752826	304163721	2017968	61405880	124961417	94671217	0	25561014	115614710	1516385
	2009	140273008	8863212	281615952	3644545	55541385	124198740	103152956	0	43874276	118755636	2215986
	2010	132537162	8307892	226861332	6195183	57545039	126717584	113613607	0	91423073	174357005	3098083
	2011	169888496	7838783	208327637	11696576	68474432	105232655	94332934	107871432	61295121	202951867	4161760
	2012	188309381	9138814	227987685	16051593	90729580	113538140	90511693	75703526	9564447	222991385	6055731
	2013	148344446	8498419	256338384	15387427	87311006	121345196	70757614	49025517	9291695	175286834	6190853
	2014	163946614	11197286	274748948	13807873	91870377	132873859	88923361	53057225	23810365	190256628	8086629
Argeş	2007	117313377	8543040	316811726	5789772	63390984	168852345	109398049		77386949	114801204	2788113
	2008	145340626	15214686	382628920	7779255	83604757	200797330	172189656	0	24702323	181961042	6496286
	2009	143464159	14839351	379964427	7438439	84473429	185094139	169398419	0	52868028	135382441	3895212
	2010	121887488	11396401	323942521	12989612	79245932	194511939	143914364	0	57024129	142526790	4621243
	2011	120990044	9989652	300293597	18824820	96183589	161699285	106116380	48837569	44494082	192734916	5752928
	2012	147004530	13050362	327121154	18064554	136253615	169865597	108873021	110196658	40405410	184321895	6987276
	2013	139374397	13493366	365959502	26556385	121707421	186703086	154576956	68617496	39346842	210538820	12479403
	2014	151305852	14962047	443312831	28894764	134295235	186439384	159634402	73551532	29279028	217401477	16596261
Bacău	2007	120347858	11195453	342644922	6914013	46112197	170419596	73392600		52722865	104512264	1359567
	2008	151806200	16095449	408355187	25410504	70267427	189278758	96393933	0	23570972	180680819	6609664
	2009	161818550	15845983	416357591	14980533	58746117	182649694	98645904	0	25738582	94104706	2268932
	2010	145620474	12605245	347216023	11977235	60443119	197158653	100667994	0	59682986	116579612	4141843
	2011	143306755	10825030	320670611	25161607	80130124	171828308	73594369	103250232	38428525	223778864	3870729
	2012	153333434	12179842	321227652	51881791	91432721	168406878	72283834	104800906	114266456	192489804	4770655
	2013	176095876	15706542	360342072	28216269	72166235	181957966	79470485	124861050	65435706	188906049	5068229
	2014	172979519	15006055	412044910	22075666	74932079	186391198	87057649	63676427	65537271	193656412	11387238
Bihor	2007	116242523	3429775	312819483	4471530	72557533	176935738	109597969		44348187	134787094	2898007
	2008	134084807	4617602	385102189	11276542	91220915	204745380	182613463	0	40378315	158487596	7366048
	2009	134744523	7956717	380551773	11443880	82486322	208280895	167162314	0	33881006	131915116	11225101
	2010	119230713	8799709	324065142	42356410	79817424	209497749	166483135	0	57533172	137353800	35166907
	2011	121128054	6633609	295671559	53258409	98167927	167070928	127392252	64074535	54927234	210087105	22537733
	2012	127580956	7120156	318081728	39812492	99171659	169058545	128336855	63735213	49168823	230955247	38477099
	2013	126382446	8137124	356014637	26559007	95152851	172540040	139678226	34358988	31916410	231950248	42340129
	2014	130199937	8390550	424303989	16984483	106415917	185588454	147635327	57334748	80732090	283074124	49530346
Bistriţa - Năsăud	2007	67430822	3191132	178762220	2301655	28695474	62436772	29623383		1441582	56156589	4857069
	2008	79699396	5400778	216667308	3310490	42094785	73984440	33048757	0	0	73504125	3512641
	2009	80235652	5492783	213123192	5563514	32890951	81650525	63899145	0	0	43315456	4893897
	2010	63547155	4780942	186937797	5641687	28500326	90851988	74002686	0	0	79932248	8642276
	2011	66229403	6184461	170104374	10502271	47313358	86630951	85952010	97250472	0	130722970	13736516
	2012	73861598	7353511	172436722	8704319	54209773	92865255	98794104	85332585	0	171668746	7559279
	2013	78918824	6541295	195349727	8963073	44303389	96326314	93655378	24918649	15000	169210226	9133630
	2014	88521016	8200646	221264989	15752198	46193521	98017190	107044547	48996700	0	232635325	26154263
Botoşani	2007	71180368	4366213	212081760	2009309	19579525	112466132	36150438		39387051	70675422	241905
	2008	93484345	9526917	250279772	3611553	29900034	131925399	41429947	0	18235398	91296573	4873715
	2009	95646877	11431934	247989673	6259666	26066643	124455837	49557136	0	37787869	73834126	2210398
	2010	80593626	9125532	225700653	9567388	27228155	138481523	57272920	0	29689980	95538100	3206346
	2011	72729444	9154022	219360030	14485615	37990680	101994165	74408554	37852678	50140623	131396004	1750272
	2012	83654711	8494502	228242921	25849605	40707317	104674476	81227417	78892009	76226118	131245724	3880795
	2013	89449402	8871057	262984157	31140688	35654221	110750622	69332280	75765741	67860378	162819351	879174
	2014	94991782	8797637	305039123	31849137	54663189	111251257	49346650	43638879	17469632	173177345	3217761
Braşov	2007	115550873	17627486	283150147	9641091	73587087	112587341	115549615		76906465	210606933	2969416
	2008	190742953	26554563	334086040	19745181	108301624	141959835	129563567	0	45607812	241352886	3938547
	2009	180734906	25583125	338894175	10953633	91343719	146274576	152358616	0	90854000	244830258	27976599
	2010	148690957	17408758	292036518	14777833	87191567	145756295	162507307	0	93220370	250122437	25336640
	2011	139261976	15077012	260157302	14666647	97116223	120184450	123128728	94146458	53588322	247516543	142195963
	2012	162027447	15083741	273842372	16066751	128435304	127900885	141832737	60420628	45787690	292898356	56397795
	2013	169124671	15931860	316032558	17407328	116160805	147105726	145898627	61040688	18734923	262969728	37329171
	2014	166892712	16589283	346034922	16201320	107141313	146009905	137321878	76340364	50640686	299514448	25100032
Brăila	2007	48552234	5881555	162407953	531460	26995694	83652010	33450754		36879967	53411332	2454694
	2008	73355116	10205038	196943913	1959948	36048622	95201875	47765964	0	34116847	78706256	2934827
	2009	72197847	11566033	197348851	3137626	31460618	96962421	52817359	0	38920290	52664519	3210010
	2010	61847934	10290342	172885994	7866099	29788916	98787097	50216272	0	29012479	72550664	971218
	2011	58645668	8538393	159918209	44381853	46784282	81432352	54344129	19176821	29263699	109077968	2512528
	2012	64278949	9351421	155837066	17934479	51035061	84001717	79146455	96018001	16409477	97744966	5779286
	2013	74315224	10446312	179871701	12884357	47083057	91212151	73762569	19641552	1337227	96581820	12588545
	2014	77193721	11112692	220551198	23748129	37468959	97278402	59150244	24757591	0	139161259	5476641
Buzău	2007	84221137	10087511	234835825	636946	29407961	128271715	70818002		34778451	55742791	1790966
	2008	101192393	13860119	298138429	1423579	41488391	144219231	94479060	0	24112328	77232959	4036482
	2009	89124011	14242215	287339872	3967981	39890245	137149530	91186636	0	29571758	76327075	3050623
	2010	81088532	12254149	250769683	18658084	34974960	153907493	94332570	0	26285857	92419253	4501499
	2011	80828306	11879615	215105897	29336946	41116211	119881632	55749820	58706914	22276087	89815742	4119545
	2012	93824806	18354545	230504629	16268064	50663997	124099250	54827872	22766845	31783979	99533122	4314644
	2013	110018839	15774452	260104650	20640318	60700568	132422847	48904452	24575277	19711375	129725029	4925798
	2014	113497048	18492268	323015071	28283846	56787276	135221397	67497454	43064527	46118611	142890844	5648849
Caraş - Severin	2007	72749295	7372921	155390623	977771	25633676	91866287	92719235		2765876	22045988	3999211
	2008	96368044	11046017	179995406	385900	30332956	108313545	94619665	0	6542030	24272550	3733415
	2009	91019309	10455736	184419193	887363	30848948	108603564	98534076	0	12349058	24047138	4854301
	2010	86528624	8492750	157282805	3599892	32087829	120269400	107082570	0	5706399	30469436	4825590
	2011	89425280	5584783	142627304	5615316	39620860	95755194	120329335	46041657	4132012	62422428	14631231
	2012	114571180	5690649	161044092	5239131	45975543	103720156	93471197	37654977	6047974	88989220	27229588
	2013	137079404	6099758	173697274	19185856	44469004	106880891	82453468	24832696	364670	55806423	28602083
	2014	139722001	11077322	193537441	27180735	47692012	107566969	108555924	94167743	2540652	78087483	26163479
Călăraşi	2007	58072958	1164249	137155133	971446	13971319	86993604	38869268		3919674	43988874	1777220
	2008	75702201	5956892	158404698	142085	23769735	103801791	49090016	0	2654367	72038900	1872986
	2009	70273940	6310852	150686621	873459	22500799	104966170	61033856	0	4694339	40921900	1155016
	2010	57905858	6225263	131471645	2365662	24122440	123695103	60132138	0	3234789	43839768	2160359
	2011	58060093	4021792	123604377	7417721	27980993	97393728	58529517	23556698	2168556	91214270	5230225
	2012	65503317	4573172	132142383	10759256	30292527	95068846	55304164	31181853	2707630	100329562	3978473
	2013	73534587	5486557	152012677	4713454	33550471	107952102	49250865	42240752	1681489	51640041	3542571
	2014	81427996	4951850	188732696	16680362	37915903	115656846	45291899	44769844	2093323	82393653	6701281
Cluj	2007	150781523	9278697	334961213	13061907	65050034	135687462	108797369		59462754	256443162	11260692
	2008	197715560	14591458	425901369	16582124	88990303	182785316	145594202	0	58669082	258039399	12756577
	2009	198876904	16127294	427291301	18194992	97962777	202585662	159029425	0	64031312	240043151	12223637
	2010	168781609	14138297	356665079	24308426	81783376	205245816	183367827	0	68368631	277037476	10239446
	2011	162791917	12922849	326835027	23607099	98753598	175465077	229038263	95430856	64574310	370748946	5947283
	2012	177509380	12540391	353734584	24735542	107097893	180453561	146917381	87126977	50034737	470906102	7504769
	2013	192216304	14490510	406260928	33555809	98594487	205854147	183938132	125471699	37199491	439525134	10548973
	2014	255604741	16405328	471947516	30199836	105735858	227316335	159935952	88878977	38513249	408398759	32920662
Constanţa	2007	128472772.98	10480715.13	285239729.04	5280092.49	96871519.74	147714924.82	172306651.36		116707401.14	101811877.51	70692858.52
	2008	187974038	18315551	338752194	13710824	130423508	179912994	268991435	0	99854992	117889450	8280198
	2009	201106481	20775781	354221031	19396872	126820687	190893784	276643496	0	109441622	116147277	9942088
	2010	160854720	14757983	307438676	27999952	97763652	181956259	285213086	0	105959928	160935074	13540119
	2011	158777991	21545782	287508484	38886645	104724688	162055889	350859065	122793428	132071806	229739051	16241625
	2012	152429703	27497779	303999900	66059112	131711247	174924351	429275848	121058556	55525623	190515731	27185846
	2013	192194288	86630894	338921465	40076805	127317129	183442129	349161158	104000517	53074667	180092093	19300424
	2014	208102766	29346317	420870446	54895608	132662211	199670835	414124019	123408049	94332051	183489825	15372288
Covasna	2007	40996224	2380993	127412850	164000	27163740	48873655	25693315		261791	28477169	1198277
	2008	57947414	4418012	146451897	267735	36868637	55044771	49598345	0	245384	35664747	1959467
	2009	56122723	5302310	148449257	843296	39049457	55086593	52476694	0	482813	35969587	3824163
	2010	47375134	4503818	131236790	9091325	37253890	58903622	52438986	0	37853	36410461	6730947
	2011	49340885	4589117	122901794	6203265	38929709	49574774	33420548	30334877	52423	79806682	9164521
	2012	53321547	4720528	132559673	6892097	43707373	50209015	25221766	22254779	63960	73036083	6786470
	2013	54643470	4987340	157661445	3188188	44196057	52086519	30846401	33524276	148730	56834533	9110897
	2014	63398857	4878576	169817863	5720490	41987041	55468495	48050982	41320988	263962	72325200	10237786
Dâmboviţa	2007	95381598	6474408	231687684	4388907	32242989	141512841	62457562		18726577	72104992	2053512
	2008	126586508	10639860	274856516	2785258	44536874	163540189	76086991	0	12972949	82503870	3097951
	2009	130112522	11395127	279569299	7435096	56701547	154025599	104563091	0	13600922	91130974	2854956
	2010	117775288	10219766	246179062	9607445	52216388	161289783	104182805	0	14554000	94479728	7760426
	2011	128428213	7252371	240577898	22349806	54800200	125973238	84558600	53038357	6827267	194334206	7012903
	2012	140059103	7992979	251656197	11959029	58721266	132300860	77646359	48931023	12744400	161473405	6837093
	2013	135056863	8541840	293226767	40087322	53635867	143957145	77350922	76270642	8129729	142458008	5756949
	2014	143700034	9794288	325636181	18375678	59213815	157911672	150983251	56684791	2880415	181146505	12180916
Dolj	2007	124143701	14812675	326050540	7835790	49702491	160103515	80740328		61022587	93551976	3549636
	2008	179482312	20562095	392898055	9643357	67020117	181760849	121925053	0	39439876	143847223	1816701
	2009	211537744	21091359	390661426	9319424	80303404	174061776	128371660	0	28252904	131426399	3168541
	2010	148849328	20813404	326665731	15421428	86693424	183757241	122330903	0	23623282	212515975	9787465
	2011	147911807	13131969	278936215	18486954	100041183	127405366	98998555	55549856	52694848	188477057	10862379
	2012	146979102	14199667	305266652	30098110	92505844	135375414	92858490	122744617	17103143	311379236	12625353
	2013	165601867	16218086	354488624	47848955	97354011	147621952	93701888	44260293	20116673	206383039	29410088
	2014	184235509	19186608	423408082	35345442	119528340	150312774	127722303	55278404	12821779	229416452	18235629
Galaţi	2007	88131867	13555822	258991096	6983933	46392708	134172914	94577355		87229410	84213619	4951720
	2008	109741002	23177695	321423700	10621611	66405655	158296300	117004584	0	67761517	117517812	6180172
	2009	117133682	26745892	324606412	10285558	70553880	144235744	134939145	0	54469592	91412189	8828119
	2010	92286239	19045583	278226944	19751345	55013381	157916458	95781166	0	61876744	137132502	2374237
	2011	85583030	13957693	252242641	41435025	70461647	123603681	71458738	61303977	51023401	164714580	4640420
	2012	97753944	17891889	272200656	24542679	84179359	130804178	67997201	122202963	36962391	178237575	5847373
	2013	106917787	17970067	303770634	26981111	99087381	162773985	80270671	52938778	42397698	169217002	4898450
	2014	114489702	20601419	369022479	33392473	86332785	139514293	82437493	63144417	35722196	173245195	3654999
Giurgiu	2007	56831645	2488647	101148882	521649	17929180	77788292	47135453		31556744	31216571	2912212
	2008	73874794	3120575	130244609	1385202	33271294	85237912	65100439	0	21322089	100069515	3873448
	2009	67818846	2134235	117454557	1789223	21165855	74344635	56118086	0	10748427	37411502	5863255
	2010	60805956	2531651	113343276	2688311	18093856	89654064	53011296	0	6163930	42633706	7889892
	2011	62869103	2893102	97371596	6537162	22808515	70318171	64679721	37805950	27191164	89003674	20045399
	2012	65162416	3807533	99423655	7812774	18306206	74960045	57628740	50558180	5126824	104175119	9456888
	2013	73986843	5013074	112186713	3842673	19652615	82994022	47538637	8434781	6543350	87559496	30746370
	2014	77259814	6391851	138787003	5287635	23079720	87039610	77695035	13229673	9297520	98963135	7751131
Gorj	2007	86023926	4019784	183405051	2786893	25671323	97693126	53865584		6589837	75432764	648307
	2008	123846281	6303283	233076015	5536242	35194716	121161757	77780880	0	3816671	104566907	1586401
	2009	117296122	6556205	234649418	5283165	38868377	117897634	80867524	0	1491705	111472718	872944
	2010	100412065	5663215	198262931	8676329	37192167	119911780	87504825	0	8414079	107663416	1065281
	2011	93798490	5608886	178624228	13999829	40889737	107238760	78817663	32520820	8918286	142321533	934892
	2012	104068665	5557597	206722517	10162377	43872368	104914426	71254680	27083889	1962749	139489439	1328118
	2013	108761015	6780323	229910979	6865437	43035133	111951695	70375369	24906823	3482956	135757672	1395497
	2014	121168723	6442283	293663971	9139002	41635885	111583266	76818356	28318201	5118792	146213422	2047982
Harghita	2007	56960511	1648228	194222942	1466700	29489397	70574240	54122193		28319446	58734772	1395884
	2008	84107386	3014321	223365543	1449850	40221303	77124484	82136827	0	28908369	48632845	3203383
	2009	81416555	3230015	238512764	2010375	41785722	73246878	70579465	0	16353082	57209020	20452146
	2010	74647230	3043373	205363002	10321190	41743162	80953547	52834780	0	17570996	71704765	29392623
	2011	74612628	3519880	199083118	17899532	51396952	68517137	54118370	27978038	23746362	103868186	41819812
	2012	84736687	5277547	206345248	16451080	60656230	75495858	47455304	22193539	15854820	96442351	15183383
	2013	91424837	5490292	222439734	6997743	56724904	79731820	49082442	24094781	21734109	114520617	26886125
	2014	89706600	5944283	266827951	9142772	60679929	77711419	43726091	31157880	17922535	159109431	18641174
Hunedoara	2007	131238762	10494435	232997363	3845924	40404066	102679916	96461550		29878863	72801165	5936946
	2008	140675131	13354219	269162897	4682484	51787000	145331733	132278082	0	18829511	119956413	7093643
	2009	142047113	12710876	287746525	10357970	46206978	150628732	164787453	0	23098142	87637268	6126722
	2010	123232876	9448799	237749556	15947793	47996563	155958374	174153848	0	13779633	108343034	9164244
	2011	110896162	7949715	217819689	17991801	56517124	141401563	144591373	74603085	14279697	177049792	48471100
	2012	127516391	8305822	246094306	26860640	67129714	135351438	106595798	97439380	23411359	180430572	20311932
	2013	121688420	9382169	251489484	43752863	67202858	140607062	163609720	36539810	14216501	199135137	54060436
	2014	124521242	9889840	293198202	32261971	68013303	147237389	126607137	81646803	13591278	180951683	90886636
Ialomiţa	2007	49425847	3727821	125236006	1374706	12878503	72954710	40043802		702202	40099232	1201484
	2008	67094885	5643553	159823334	1671228	21324700	81922992	60677740	0	475448	66921035	1839717
	2009	69631805	6346116	149753716	2666771	19797400	78478788	60424737	0	307864	55321319	985091
	2010	58138451	5482550	126060167	35541419	19475131	83587166	65743619	0	207378	50824322	3112759
	2011	53858045	6239438	118658333	11861667	26026113	63397612	53687483	32389687	0	60918572	1567051
	2012	70854532	5281182	125343803	9769516	25744424	63623301	42844134	22753050	0	52347272	2932503
	2013	69643300	4377807	143983001	5570841	27447689	66891601	52120901	16862057	0	52114868	5703272
	2014	76268901	6077819	180563174	7670293	31450469	70559049	44727199	19398104	0	74821599	4598997
Iaşi	2007	121870931	12483425	398624072	5022097	52962657	216029566	90034315		100514233	126401607	4787806
	2008	163243661	18869547	484038774	7514999	84660068	252180639	112895967	0	47348381	155548796	14215220
	2009	173476532	18613493	478889847	7932038	75017201	248668960	139493377	0	74751330	125391489	8827446
	2010	143292864	14426680	402918131	16980852	65537062	273504217	165328745	0	56319238	158124015	14913445
	2011	137039721	11450018	387499169	16109463	75471047	222579169	102160995	136548105	64304653	212122664	14359573
	2012	149476944	12680816	407393391	25393359	93337332	225944921	116625960	39700999	63418082	294684888	23739478
	2013	158757252	15155711	465525123	14906363	90599647	237474956	98974009	31479145	65348702	290076114	59811763
	2014	181722682	16146482	569437815	36403894	110432598	251096887	122948846	96554429	98084420	415964063	39325467
Ilfov	2007	95450135	8228107	132205624	9214131	58602004	63214244	106231989		2496248	158353050	1659288
	2008	132868149	14743338	156178745	12188564	99169200	71459944	137523557	0	3575376	214098065	1759673
	2009	157325034	15373438	158907805	16404122	89789246	77915622	143996142	0	1230689	197955158	2732304
	2010	150322898	13867418	149489525	15070623	94935579	84116086	149935815	0	116367	285650014	11772837
	2011	195374827	13621564	160812096	20890386	112945472	74172303	89753995	78015319	3408930	251629906	9561827
	2012	198977268	15306948	161448699	16777352	124466731	87552468	100437667	97770803	3158887	363067557	13940433
	2013	215809812	17382059	178369548	21757627	140889296	105039343	103875739	84935936	2408163	226971454	22690498
	2014	232136872	14902717	211033733	29472205	141738493	109557102	167097879	116415180	3090820	244866046	6793937
Maramureş	2007	83062291	3280141	271065156	3412607	40965070	122703445	79976204		565574	94045391	2877325
	2008	99634606	4211142	307725573	4348690	47451894	139656894	99423793	0	358382	112982359	8759574
	2009	99775227	4156867	326460957	4730322	46849853	146245239	115407588	0	615080	92349564	6211960
	2010	84521922	4021596	269642034	11051839	46164965	165293400	101950501	0	752753	121436959	12773031
	2011	89865757	6742223	237683938	36048666	51396451	136866806	94060637	37369092	0	134425106	10707353
	2012	102444550	8068211	253405915	26031629	55806747	135286546	82639930	91264339	0	150216398	11204774
	2013	98815300	8857521	295090942	32181611	63228946	149852169	96192514	48797837	0	171976466	13680794
	2014	111637441	7890380	362518355	33665935	79933565	150783132	92520421	55753648	0	209271571	14550488
Mehedinţi	2007	60263875	7062689	144530305	2054066	15698134	84831560	46257953		4369545	39720304	1860811
	2008	76450120	11196228	177053610	4619581	26120491	102840536	50603337	0	4241993	48340762	1955173
	2009	81238204	11211852	172792144	7782304	32407862	105395308	58756205	0	4327711	42118196	281735
	2010	66208790	9116985	139102068	11194602	32452300	122459154	75234060	0	4471000	85863636	356325
	2011	67906358	7927004	125022708	6546707	56680541	100478159	78884572	17125998	9233000	148473790	9373149
	2012	79623084	7847581	145348240	16581146	49291981	100590187	69270676	60324958	4514116	128317856	7078859
	2013	80331674	6871682	157485396	13527354	39472841	113478095	48626560	27715127	2220127	194957008	3411687
	2014	78382145	6302579	182952106	16644950	50846203	127862325	50469040	47114266	3184040	116820285	9161317
Mureş	2007	110024706	9965603	279820416	3644471	51314841	133012585	93287234		40806418	110913586	3013078
	2008	146320490	15485261	347447988	6473335	77642427	155262334	146902430	0	26993661	198968446	8224496
	2009	141836158	16421930	358754847	7631081	69842244	165880517	129002841	0	31441756	108464243	11555875
	2010	130545986	13126378	300129098	19928683	72784179	170255855	143025976	0	31196927	123386204	4890520
	2011	134376883	11390895	271961167	23711267	93411164	146114654	104475694	97282264	17618741	231665430	9829246
	2012	147866194	13563266	289193057	17636109	123939609	154230291	96420853	123247470	1905964	186199102	8822887
	2013	154719437	13917536	318804881	21547698	102190827	166424385	78325840	172454712	777634	236999472	13018151
	2014	157651209	14979106	349184268	25537280	106243370	164116110	105906706	65554413	35377	267331674	15050257
Neamţ	2007	101913976	5844995	269316106	1625947	36217382	133383796	65516694		9170179	60457193	3760902
	2008	140993109	10143039	313128453	3645758	44791032	153747159	78401739	0	8237881	89598676	4105517
	2009	136501408	12439587	308153643	3038056	52147532	142787232	99215902	0	10469724	69043241	10890204
	2010	137960570	13117909	262932423	7839316	40964824	172072344	93814809	0	9221000	108763190	16781547
	2011	115830775	6349894	248331061	16676044	80583879	151818615	101991589	50546719	6888607	164169888	40281607
	2012	121367004	10980890	278869885	19547161	78704562	140732746	94536302	25212564	763962	156951848	15325971
	2013	135793215	8812863	296834019	25425386	54484195	148863044	75120688	85527255	380263	153675041	8767593
	2014	157462400	11280516	361231487	23095506	55618955	152922037	85166268	74132648	237564	166239942	7071647
Olt	2007	111474754	5939184	230950173	2048757	21987023	115741751	60625096		9164687	64898440	2959209
	2008	156705427	9039661	273766298	2983603	30828008	129647814	82874035	0	3534080	96944393	2638960
	2009	142227957	7527140	263901329	4246586	27868362	126803354	106103168	0	8431820	51536405	2832987
	2010	114306853	7453210	221513325	9322803	30382742	149505753	116281729	0	1981041	68465833	2828974
	2011	103054026	6014637	205480103	10311693	36835390	116793529	112837418	27478669	1809372	92831973	3040483
	2012	134546248	20343914	227696235	21223047	33160392	114005377	107732625	25314605	3025000	124569105	7251301
	2013	131844307	9898345	252417975	12910762	34534592	126383767	128697304	36231905	15000	110899949	7190003
	2014	148910978	7722795	305231312	24630033	44865625	134651549	150939854	47282584	15000	146950544	10158861
Prahova	2007	156865906	25534490	335047076	14973307	64781696	182785930	149569753		45624309	169895066	2027042
	2008	200860192	36882403	412884966	10249647	83294411	219953609	165411654	0	49393417	253548952	2300363
	2009	202963146	35744157	431838350	12475587	84312116	237193624	216713047	0	41008240	185780343	32919310
	2010	190306893	26468655	370058252	18520006	79177526	248795018	195558061	0	42218959	281975894	27697522
	2011	201029346	22106596	328460483	22655825	96962603	224831868	154776918	74173000	44339682	272171704	10936006
	2012	210465893	23263126	340034273	30999650	110412118	237101140	145264972	92070255	48118384	291038910	8214272
	2013	204895935	23517784	377518059	32304695	115373103	266847412	185373945	55809856	38365603	223184388	11636924
	2014	235543986	25198162	424856605	48295159	103190266	275020698	169354544	73502837	35398411	312312613	13624500
Satu Mare	2007	76999069	5925027	198200069	3245382	36002161	94703992	43189494		0	53235742	516169
	2008	114822216	9179792	249107244	1740449	46704645	104300550	60694098	0	0	82387917	861908
	2009	108664199	9487592	243282049	1711690	38184524	105147932	61749932	0	0	58626935	799469
	2010	91973385	8478724	205255111	4261408	37211525	116640621	104334286	0	0	60197764	1988059
	2011	88706299	8802423	184707440	13241290	57487151	92013086	68114893	102994090	31000	77625065	2141701
	2012	97748774	6379868	198085828	2347240	60170533	100496656	52122893	45363872	0	122945689	23280181
	2013	99509866	6496665	226277558	10458063	54553339	107579730	57402209	52055829	0	172150392	24329739
	2014	110846303	9501469	270910080	27194865	57306996	115782784	70531661	33661580	0	171026459	19825732
Sălaj	2007	49563287	4229415	145221168	1002948	16705981	76079327	34966876		1128872	49092512	1017994
	2008	65072162	5750356	167155663	1449366	28896514	94460338	41691524	0	1283481	70448786	5061408
	2009	68556211	5641754	164242876	2825450	21044843	97633934	47386975	0	1141478	35820774	8373789
	2010	59265666	4368620	141789856	4547381	23709599	104740291	38524021	0	907185	43579645	9054053
	2011	53052085	3770943	131844349	16116791	28422882	90478698	29091640	18539215	1398567	136071242	21583832
	2012	60671819	4237536	141825312	21422589	33441483	90444594	28947017	26216555	733986	96336176	47254996
	2013	61070787	4622351	162764103	8785036	33479175	94332914	31178444	36856590	379783	113347042	45755793
	2014	66599872	4473623	184772016	4855034	38946943	99604785	46648726	58790979	289394	103810984	36379805
Sibiu	2007	71723368	8466096	211539863	3481508	72453318	115977934	107045048		1264283	131949947	1985028
	2008	116428527	12275194	246677903	5101367	58159006	134594783	136427196	0	541244	162536692	2002353
	2009	118125839	17447847	246286805	5002462	61281486	151447914	150004217	0	386433	143890467	7066044
	2010	97541722	7124742	208033302	6762941	70433853	154970684	131443787	0	418586	174991636	9417698
	2011	93949773	10196685	188132770	11900783	66812767	140748681	89033424	96128756	336469	245744359	3877979
	2012	97334815	11064142	202041836	20237610	78181668	137180048	95074058	69007028	373301	252744960	4009051
	2013	101600530	10399568	237518913	30400659	91803494	139378210	64749968	80874661	342880	270998712	6708728
	2014	95044578	12905215	275829695	37689202	102903887	135006779	75992769	99832082	330739	289044394	9250465
Suceava	2007	117693782	7341655	359496947	1262935	38927955	174587017	74654196		57001778	104117009	6569523
	2008	163702179	11344005	447577023	1775519	54692635	213570363	88620281	0	33909056	141358486	15676401
	2009	167336395	10481751	453590042	5760073	51182982	197846913	118057716	0	35139599	129523840	22752366
	2010	150722007	8999520	385075288	18806973	49141263	226969201	137003222	0	37918160	179253947	32039014
	2011	143414089	8200665	358544574	31716553	67493775	184517845	113878263	92437783	45552992	236847503	36244006
	2012	152000719	8933689	378259738	33058451	72339365	194396126	104511823	139929537	40929305	264672417	34864969
	2013	154101920	9728246	431625238	23132932	65920611	202395711	93314361	68977521	27582734	265522073	17838861
	2014	166182510	10618059	530584095	17523305	77923374	206296096	121297345	83935047	29380935	266934403	26182610
Teleorman	2007	81121140	6064556	178131173	1121769	17073779	96135363	50321674		16535573	56507494	5772758
	2008	117831466	9412581	207915836	1704125	26405408	100410575	69137680	0	13373577	119373028	5748170
	2009	106042526	10360015	198063574	1434483	19151134	91522884	58036959	0	14719627	60446636	8901235
	2010	100357565	8220816	168728036	2591844	18464447	108957659	47610107	0	14354353	46281965	77048363
	2011	88446032	6200631	146368089	2594084	25559646	77826983	44878574	11510285	11652473	67874272	57701364
	2012	112429503	8249970	158989677	11424825	29450284	81536514	61609483	18618050	2057019	98477139	18818136
	2013	103231067	9411263	179747014	13526322	28581538	92426767	46507553	13825509	825000	89766528	49885235
	2014	107304520	9162222	215661470	52919340	29413574	96858264	58934762	13990627	0	140352628	43882567
Timiş	2007	152541119	11537085	319428976	4417681	82171584	172303158	128973259		142746151	189985456	1654243
	2008	220924570	22436748	393532437	5329690	132526788	220065047	169960984	0	94797035	237895481	2802904
	2009	221961152	26264005	404795609	9235235	113697512	234454827	198156756	0	62133677	193485948	2391681
	2010	181323537	18555557	340628215	14434120	121734046	228900490	186816015	0	83131420	220640883	3649796
	2011	243581515	17490389	313970055	26496430	141448677	202997196	165544632	96733790	66461559	289289780	2248820
	2012	230754222	17723109	337651780	24516340	153008133	202063426	178682456	122782577	156514779	425147660	3977882
	2013	213355972	21227432	383857238	25510477	166180273	213233170	190711349	73726997	188575126	386835154	4515936
	2014	225724118	21843941	452309927	31460903	176386339	220039544	199150456	53991338	139685316	388631403	6888225
Tulcea	2007	59240662	3197320	113370736	977539	23656497	61196940	52260805		13799000	49958588	7551786
	2008	69379235	4703994	131518232	527148	27051627	76302312	68530779	0	15146000	34256698	9520102
	2009	70293194	5032856	135836904	1861795	26048608	81136220	83175784	0	15835300	59453817	28065482
	2010	68404909	4337024	116689775	3427513	49248666	85051835	95130286	0	14636500	72938754	26172024
	2011	64196292	4599197	106805472	7805148	58001058	71368694	81013761	27458889	19722556	105406331	13040708
	2012	78066118	4779022	110348595	6831846	46086153	73175759	65992695	21448025	18495810	40647442	12331902
	2013	78546674	4639524	124586831	14512459	32303068	81521435	58197505	25029145	19077832	49322926	11648257
	2014	120269931	5254600	142848524	36197220	34368710	82955880	65494227	29792442	17280097	101960054	19530485
Vaslui	2007	76027909	7754251	230818187	1790047	22880950	139594618	43086790		14767097	58111750	3290516
	2008	112860676	12421669	273947901	2714411	31933104	172629786	66118764	0	12849742	101281138	6286098
	2009	97019983	12571188	271330406	3629230	27088307	158881835	74164177	0	7836924	55336735	3333835
	2010	76719893	9610351	225140588	5505289	24426074	177163157	86913521	0	3756440	103967776	11484311
	2011	78169138	6150386	212331791	6577708	28560982	136683159	84754524	26409657	1404151	150974826	15042682
	2012	81406691	10149999	221991185	14260110	36882734	141383986	85033299	29545567	1172747	102252124	17777958
	2013	84624454	5708943	246656672	46950522	33178671	155557891	63315685	64676668	1496305	110063004	20587063
	2014	93732629	9250498	289986712	22973908	33579510	162315231	62317647	73018994	883542	112372537	9267653
Vâlcea	2007	86237165	5566802	217219650	1563521	29939358	126762818	96620706		12620277	69108701	799065
	2008	120795289	7649247	247665513	1838308	41540050	144531428	95290673	0	9128643	123167324	1177063
	2009	113225561	7284147	240587842	2670316	43719532	143513619	71221848	0	13139930	83473319	2907381
	2010	90417141	5422995	204139771	5887661	44545445	164769739	78462278	0	49606678	112210564	6533273
	2011	96072674	4505188	189842053	9520368	100501563	144015448	67314883	33883394	55434614	140075681	9926818
	2012	111971119	6028178	212080398	5394662	87141586	145529407	66038137	41146944	10069544	180380151	7095596
	2013	106675704	5853324	217125450	12934396	45562359	162972299	46485144	28400506	14679026	183065961	13267288
	2014	118348418	6565300	257518908	23136320	95263305	176985752	74311438	63456255	24773821	271840875	5674548
Vrancea	2007	73272021	4943280	180370517	991000	17815757	123167041	56327599		35120158	78481601	558671
	2008	105105765	7076657	207844001	1997412	31827677	152000306	64421515	0	22820826	142972819	1553925
	2009	96516529	5779291	203931842	1864107	26492110	150749561	68923974	0	33104989	61013410	1898444
	2010	87045409	4926343	177717703	4351008	30293104	168855905	55432173	0	33902873	76535705	3562471
	2011	75981147	6177561	164006526	4171643	30722800	136240629	59058568	27664425	25457087	85485612	7214190
	2012	82663571	8979369	176093511	8083889	39246526	128488665	52139974	10715035	55317244	73288197	6004695
	2013	96379763	9155666	209182939	7057574	47619848	134229350	52640805	19323458	69622414	64826912	43171089
	2014	106350964	9207551	237710998	13974436	39977782	134106853	55102473	33358719	28284755	85590896	21334388
Mun. Bucureşti	2007	496312060	79747388	855361760	14947467	574429104	457812853	636557411		540030915	2037849687	19013392
	2008	616264115	127882927	1336607499	20294698	799069482	615708693	607097399	0	688428766	2026238084	161987877
	2009	763886657	145740612	1292319917	192835874	925828148	660301429	914505376	0	919469644	1494754845	20810100
	2010	874405499	127513884	1068814084	205677479	917165653	600356018	1038672436	0	780667693	1325727194	9626442
	2011	772684054	121543524	1050433536	201218573	1066774177	677753845	542671710	471799199	772471291	1358336789	25609504
	2012	718070785	122332697	1223725930	188403845	1047656449	673044203	783275828	456457172	650666503	1374399699	19930166
	2013	813738793	153974398	1309427651	180111246	882996629	664524088	862243855	539894080	548407635	1359172434	4321409
	2014	874058860	154822023	1415824427	246429730	928670262	684180070	693876601	594229842	610288856	1355128519	3890901
